id,username,email,created_at
1,cobalttrail12,cobalttrail12@opswise.net,2024-10-12 20:05:08
2,livelynetwork16,livelynetwork16@example.com,2026-01-31 03:10:23
3,rapidkernel02,rapidkernel02@opswise.net,2025-12-07 18:48:56
4,vividpioneer97,vividpioneer97@opswise.net,2024-06-22 07:44:36
5,keenpioneer36,keenpioneer36@acme.dev,2024-05-12 02:48:55
6,youngsignal76,youngsignal76@seeded.app,2024-07-28 23:09:14
7,emberuplink69,emberuplink69@opswise.net,2024-08-15 10:56:40
8,silverdelta75,silverdelta75@relay.cloud,2025-03-15 14:12:32
9,goldharvest04,goldharvest04@seeded.app,2024-11-25 22:55:44
10,youngkernel74,youngkernel74@example.com,2024-01-27 05:16:28
11,harborwindow96,harborwindow96@opswise.net,2025-04-05 10:36:36
12,jadeharvest40,jadeharvest40@hackstack.io,2024-06-02 16:55:24
13,cobaltharvest43,cobaltharvest43@seeded.app,2025-02-28 13:56:44
14,tidytrail81,tidytrail81@seeded.app,2024-06-08 06:30:10
15,melloworbit06,melloworbit06@seeded.app,2024-11-26 02:55:04
16,calmuplink35,calmuplink35@opswise.net,2025-08-07 08:06:38
17,goldkernel63,goldkernel63@hackstack.io,2025-05-30 19:03:46
18,youngpioneer40,youngpioneer40@hackstack.io,2025-04-02 01:00:28
19,forestquartz36,forestquartz36@seeded.app,2024-11-08 01:56:58
20,silverdelta69,silverdelta69@relay.cloud,2024-05-11 12:01:45
21,emberpioneer98,emberpioneer98@hackstack.io,2024-07-05 16:50:22
22,jadekernel09,jadekernel09@hackstack.io,2025-05-08 11:21:38
23,amberlagoon09,amberlagoon09@relay.cloud,2024-01-21 16:38:55
24,warmmeadow04,warmmeadow04@opswise.net,2025-01-11 08:08:07
25,tidyorbit53,tidyorbit53@relay.cloud,2024-11-05 05:33:08
26,embermeadow50,embermeadow50@example.com,2024-10-29 13:00:43
27,navyquartz56,navyquartz56@hackstack.io,2024-05-17 08:27:51
28,livelyanchor05,livelyanchor05@acme.dev,2025-12-01 02:04:10
29,harborharvest80,harborharvest80@opswise.net,2024-07-04 18:23:24
30,mellowlagoon08,mellowlagoon08@acme.dev,2025-09-06 00:00:37
31,navyengine94,navyengine94@hackstack.io,2024-12-04 08:18:50
32,forestkernel96,forestkernel96@hackstack.io,2025-05-21 08:36:21
33,navyjourney51,navyjourney51@hackstack.io,2024-01-22 19:59:29
34,livelynetwork59,livelynetwork59@hackstack.io,2026-01-06 22:40:22
35,warmpioneer18,warmpioneer18@hackstack.io,2024-02-29 21:54:19
36,livelyjourney57,livelyjourney57@example.com,2024-04-27 06:31:44
37,forestvalley88,forestvalley88@example.com,2025-01-02 03:55:45
38,dawndelta28,dawndelta28@opswise.net,2025-04-22 01:41:59
39,goldkernel25,goldkernel25@hackstack.io,2025-03-31 00:03:58
40,quietengine06,quietengine06@acme.dev,2025-04-08 09:13:22
41,dawnquartz53,dawnquartz53@hackstack.io,2025-10-09 05:08:36
42,urbanzenith32,urbanzenith32@acme.dev,2025-03-26 10:47:35
43,cobaltanchor79,cobaltanchor79@hackstack.io,2025-08-02 19:28:23
44,forestmeadow02,forestmeadow02@seeded.app,2026-01-30 01:34:16
45,goldbeacon44,goldbeacon44@opswise.net,2024-04-23 05:09:01
46,harborisland77,harborisland77@acme.dev,2024-01-06 15:58:38
47,mellowvalley49,mellowvalley49@example.com,2025-03-27 09:16:31
48,cobaltvalley86,cobaltvalley86@seeded.app,2026-01-21 16:35:00
49,amberlagoon50,amberlagoon50@opswise.net,2025-07-29 11:28:44
50,rapidvalley33,rapidvalley33@relay.cloud,2025-01-28 00:18:57
51,tidygarden10,tidygarden10@example.com,2025-09-05 12:40:54
52,silvertrail27,silvertrail27@hackstack.io,2024-09-18 10:23:44
53,silverpioneer47,silverpioneer47@example.com,2024-10-22 07:38:32
54,amberorbit09,amberorbit09@acme.dev,2025-11-17 23:36:39
55,cobaltzenith81,cobaltzenith81@example.com,2025-01-25 22:06:41
56,younggarden58,younggarden58@hackstack.io,2025-12-03 02:26:30
57,urbantrail34,urbantrail34@hackstack.io,2025-06-20 00:01:02
58,keenlagoon21,keenlagoon21@acme.dev,2024-12-26 16:00:41
59,urbanuplink70,urbanuplink70@relay.cloud,2024-12-04 15:41:14
60,emberorbit30,emberorbit30@hackstack.io,2025-10-24 06:46:34
61,vividyard64,vividyard64@seeded.app,2025-08-29 07:05:46
62,calmzenith73,calmzenith73@seeded.app,2025-12-25 22:58:36
63,calmcanyon73,calmcanyon73@hackstack.io,2025-10-16 12:17:20
64,calmnetwork26,calmnetwork26@acme.dev,2024-10-16 11:00:55
65,urbanfield25,urbanfield25@hackstack.io,2025-01-09 09:06:29
66,urbanorbit60,urbanorbit60@relay.cloud,2024-09-12 20:56:07
67,calmbeacon99,calmbeacon99@relay.cloud,2024-02-14 23:30:52
68,vividtrail30,vividtrail30@acme.dev,2025-12-21 02:37:06
69,silversignal83,silversignal83@example.com,2024-01-04 23:28:40
70,rapidzenith48,rapidzenith48@example.com,2025-09-16 06:41:47
71,opalvalley82,opalvalley82@hackstack.io,2025-02-13 22:46:25
72,navycanyon83,navycanyon83@relay.cloud,2024-08-24 08:15:57
73,briskfield45,briskfield45@opswise.net,2025-07-27 19:06:33
74,briskorbit40,briskorbit40@seeded.app,2024-03-12 15:45:48
75,urbanzenith89,urbanzenith89@example.com,2025-06-27 23:08:10
76,opaldelta20,opaldelta20@hackstack.io,2025-04-01 02:23:13
77,forestcanyon97,forestcanyon97@acme.dev,2024-01-14 04:53:40
78,harborengine29,harborengine29@acme.dev,2024-10-27 18:47:45
79,harbormeadow57,harbormeadow57@acme.dev,2025-07-25 11:00:44
80,dawnbeacon97,dawnbeacon97@seeded.app,2025-08-04 00:58:20
81,opalharvest28,opalharvest28@hackstack.io,2024-09-27 15:44:12
82,rapidharvest08,rapidharvest08@seeded.app,2024-04-27 22:57:09
83,keenquartz41,keenquartz41@acme.dev,2024-04-12 04:36:04
84,amberdelta88,amberdelta88@hackstack.io,2025-12-09 07:12:42
85,dawncanyon24,dawncanyon24@acme.dev,2024-04-14 06:01:53
86,forestmeadow46,forestmeadow46@seeded.app,2024-07-21 07:10:47
87,ivorysignal05,ivorysignal05@opswise.net,2025-02-03 18:47:25
88,briskisland97,briskisland97@example.com,2025-10-31 23:51:48
89,quietvalley02,quietvalley02@relay.cloud,2025-07-20 22:41:13
90,amberdelta47,amberdelta47@hackstack.io,2025-07-13 06:06:12
91,emberriver86,emberriver86@hackstack.io,2024-07-13 00:23:05
92,clearzenith88,clearzenith88@example.com,2025-05-20 16:39:47
93,emberkernel62,emberkernel62@acme.dev,2026-01-26 14:40:35
94,proudyard70,proudyard70@opswise.net,2024-07-05 15:52:15
95,goldlagoon23,goldlagoon23@relay.cloud,2025-07-10 23:00:23
96,keenfield65,keenfield65@seeded.app,2025-05-04 07:24:34
97,navyengine56,navyengine56@opswise.net,2025-11-18 22:50:56
98,tidyuplink97,tidyuplink97@example.com,2025-03-21 00:27:34
99,navydelta65,navydelta65@hackstack.io,2025-01-14 18:00:50
100,ivoryisland94,ivoryisland94@seeded.app,2024-09-21 12:08:21
101,briskriver12,briskriver12@acme.dev,2025-05-02 17:39:45
102,ambersignal60,ambersignal60@hackstack.io,2025-12-01 23:45:44
103,dawnnetwork93,dawnnetwork93@hackstack.io,2025-06-26 05:27:36
104,embermeadow85,embermeadow85@relay.cloud,2025-04-18 14:37:18
105,calmlagoon70,calmlagoon70@hackstack.io,2025-08-29 12:53:29
106,keenanchor34,keenanchor34@acme.dev,2025-11-25 05:48:28
107,cobaltpioneer06,cobaltpioneer06@opswise.net,2024-12-09 22:57:02
108,briskisland85,briskisland85@acme.dev,2025-07-25 19:58:22
109,urbandelta39,urbandelta39@acme.dev,2025-12-05 00:38:34
110,forestcanyon24,forestcanyon24@example.com,2025-11-08 22:54:20
111,goldorbit08,goldorbit08@relay.cloud,2025-06-09 15:46:31
112,briskgarden09,briskgarden09@hackstack.io,2025-05-23 04:44:18
113,prouddelta93,prouddelta93@example.com,2025-02-17 11:10:30
114,calmtrail11,calmtrail11@example.com,2025-07-28 23:49:31
115,dawnuplink85,dawnuplink85@opswise.net,2025-08-12 15:25:07
116,keennetwork23,keennetwork23@hackstack.io,2025-07-10 16:25:04
117,amberquartz50,amberquartz50@hackstack.io,2024-03-10 20:59:49
118,urbangarden56,urbangarden56@seeded.app,2025-06-29 08:17:06
119,urbanengine29,urbanengine29@opswise.net,2024-09-28 10:19:17
120,dawnuplink26,dawnuplink26@opswise.net,2024-01-29 02:29:16
121,dawnlagoon14,dawnlagoon14@example.com,2025-12-08 19:18:15
122,proudcanyon73,proudcanyon73@relay.cloud,2025-05-12 05:13:23
123,dawngarden74,dawngarden74@hackstack.io,2024-03-26 11:23:42
124,urbanmeadow29,urbanmeadow29@example.com,2025-09-29 04:17:41
125,opaldelta65,opaldelta65@seeded.app,2025-01-18 13:14:12
126,warmorbit14,warmorbit14@acme.dev,2024-03-22 11:45:27
127,briskquartz17,briskquartz17@acme.dev,2025-05-23 21:51:50
128,navysignal71,navysignal71@hackstack.io,2024-11-06 14:33:59
129,amberdelta66,amberdelta66@example.com,2024-09-04 03:42:00
130,mellowbeacon51,mellowbeacon51@hackstack.io,2025-12-29 22:32:08
131,livelyfield91,livelyfield91@opswise.net,2024-06-12 17:56:56
132,proudcanyon78,proudcanyon78@acme.dev,2025-03-17 23:35:32
133,emberengine84,emberengine84@acme.dev,2024-01-02 07:19:15
134,silverlagoon47,silverlagoon47@hackstack.io,2025-10-22 00:46:23
135,goldkernel43,goldkernel43@relay.cloud,2025-08-31 09:18:11
136,golddelta99,golddelta99@relay.cloud,2024-09-02 14:48:44
137,proudpioneer34,proudpioneer34@hackstack.io,2025-12-03 00:33:49
138,mellowzenith34,mellowzenith34@seeded.app,2024-11-23 22:18:57
139,clearuplink43,clearuplink43@relay.cloud,2024-09-18 22:20:19
140,briskdelta20,briskdelta20@opswise.net,2025-12-05 01:41:04
141,vividengine09,vividengine09@acme.dev,2024-03-09 11:18:18
142,forestharvest80,forestharvest80@relay.cloud,2024-05-02 00:08:32
143,youngzenith47,youngzenith47@relay.cloud,2024-05-11 20:54:47
144,clearcanyon19,clearcanyon19@acme.dev,2024-08-27 13:39:01
145,briskriver56,briskriver56@opswise.net,2025-08-12 09:20:47
146,urbanisland06,urbanisland06@seeded.app,2025-11-25 16:13:57
147,cobaltyard24,cobaltyard24@acme.dev,2025-11-10 10:57:22
148,youngriver47,youngriver47@example.com,2024-04-26 15:19:57
149,calmdelta07,calmdelta07@relay.cloud,2024-12-04 04:56:52
150,goldharvest83,goldharvest83@relay.cloud,2025-07-28 17:27:21
151,briskuplink29,briskuplink29@relay.cloud,2025-01-16 04:08:09
152,vividmeadow20,vividmeadow20@opswise.net,2024-10-15 15:07:22
153,brisksignal11,brisksignal11@hackstack.io,2024-12-19 02:32:54
154,dawnlagoon45,dawnlagoon45@opswise.net,2024-07-22 23:59:07
155,ambercanyon96,ambercanyon96@acme.dev,2025-06-16 20:42:39
156,youngfield60,youngfield60@relay.cloud,2024-09-24 16:59:03
157,clearanchor70,clearanchor70@example.com,2025-07-11 13:25:38
158,jadeanchor91,jadeanchor91@acme.dev,2025-09-06 16:19:47
159,keensignal10,keensignal10@seeded.app,2025-03-17 22:22:00
160,forestfield78,forestfield78@relay.cloud,2024-06-29 06:01:02
161,forestkernel18,forestkernel18@hackstack.io,2025-10-10 23:57:56
162,opalfield48,opalfield48@seeded.app,2024-03-07 20:20:06
163,quietlagoon68,quietlagoon68@example.com,2024-07-18 03:14:58
164,forestnetwork28,forestnetwork28@acme.dev,2024-12-26 13:23:00
165,keenpioneer98,keenpioneer98@acme.dev,2025-12-30 00:29:05
166,youngyard46,youngyard46@hackstack.io,2026-01-21 22:10:26
167,silverriver14,silverriver14@opswise.net,2024-11-13 13:36:56
168,clearjourney23,clearjourney23@hackstack.io,2024-11-14 05:17:53
169,briskanchor64,briskanchor64@relay.cloud,2024-06-06 03:23:56
170,amberisland18,amberisland18@opswise.net,2025-08-23 02:44:58
171,amberyard92,amberyard92@seeded.app,2024-10-04 19:10:42
172,opalsignal27,opalsignal27@example.com,2024-03-25 18:39:16
173,briskquartz42,briskquartz42@example.com,2025-04-14 22:24:59
174,livelyanchor10,livelyanchor10@hackstack.io,2025-07-06 14:42:53
175,emberfield81,emberfield81@relay.cloud,2025-05-16 15:36:21
176,silvernetwork33,silvernetwork33@seeded.app,2024-09-22 17:09:36
177,dawnkernel27,dawnkernel27@acme.dev,2024-07-21 22:35:51
178,amberisland39,amberisland39@seeded.app,2025-09-15 22:03:42
179,ivoryjourney92,ivoryjourney92@example.com,2025-11-22 05:08:03
180,navypioneer82,navypioneer82@acme.dev,2024-03-24 13:41:19
181,ivoryharvest39,ivoryharvest39@seeded.app,2025-12-19 04:05:29
182,goldzenith50,goldzenith50@acme.dev,2025-11-03 20:30:55
183,dawnengine48,dawnengine48@example.com,2024-10-22 21:04:21
184,opalfield46,opalfield46@hackstack.io,2024-07-11 16:30:47
185,silverengine12,silverengine12@opswise.net,2024-12-08 00:48:50
186,clearzenith55,clearzenith55@example.com,2024-08-09 13:13:27
187,keenisland85,keenisland85@hackstack.io,2025-12-05 02:35:49
188,mellownetwork70,mellownetwork70@relay.cloud,2025-04-21 09:07:43
189,forestuplink26,forestuplink26@opswise.net,2024-06-19 22:40:40
190,cleartrail18,cleartrail18@seeded.app,2026-01-11 10:06:23
191,cobaltisland89,cobaltisland89@hackstack.io,2024-09-07 03:20:06
192,vividanchor51,vividanchor51@relay.cloud,2025-09-18 22:26:49
193,calmfield54,calmfield54@acme.dev,2024-03-04 05:34:47
194,forestmeadow10,forestmeadow10@example.com,2025-03-01 13:10:27
195,ivorysignal33,ivorysignal33@seeded.app,2024-03-24 00:10:19
196,youngzenith88,youngzenith88@hackstack.io,2025-01-05 21:49:45
197,vividnetwork72,vividnetwork72@example.com,2024-02-13 21:22:34
198,dawnbeacon14,dawnbeacon14@seeded.app,2025-05-30 16:07:38
199,dawnuplink36,dawnuplink36@opswise.net,2025-12-26 12:14:33
200,ivoryharvest68,ivoryharvest68@example.com,2024-12-01 03:10:39
201,jadeharvest45,jadeharvest45@example.com,2025-01-15 06:32:26
202,mellowriver29,mellowriver29@hackstack.io,2025-07-31 01:00:51
203,ivoryquartz68,ivoryquartz68@opswise.net,2025-08-24 08:04:47
204,proudtrail87,proudtrail87@opswise.net,2024-03-20 16:44:51
205,warmtrail53,warmtrail53@opswise.net,2025-08-25 13:15:22
206,calmjourney86,calmjourney86@opswise.net,2025-04-02 02:01:34
207,silvercanyon12,silvercanyon12@example.com,2025-03-12 18:02:01
208,navyanchor29,navyanchor29@hackstack.io,2025-05-08 17:28:48
209,forestengine62,forestengine62@opswise.net,2025-12-23 18:06:44
210,jadebeacon38,jadebeacon38@acme.dev,2025-04-30 07:22:18
211,keenkernel87,keenkernel87@acme.dev,2024-04-25 04:34:14
212,silvergarden29,silvergarden29@example.com,2024-09-24 01:37:41
213,tidyjourney85,tidyjourney85@acme.dev,2025-10-15 03:16:09
214,ivoryisland80,ivoryisland80@acme.dev,2025-07-18 15:37:11
215,urbanriver33,urbanriver33@example.com,2025-04-07 11:40:59
216,warmriver91,warmriver91@opswise.net,2024-08-02 16:18:53
217,dawnmeadow39,dawnmeadow39@hackstack.io,2025-04-27 14:27:34
218,urbananchor81,urbananchor81@opswise.net,2025-08-25 06:34:48
219,quietengine04,quietengine04@acme.dev,2025-10-28 12:25:20
220,cobaltfield66,cobaltfield66@opswise.net,2026-01-23 21:47:08
221,rapidjourney62,rapidjourney62@opswise.net,2025-08-20 00:01:50
222,younganchor54,younganchor54@hackstack.io,2026-01-14 11:07:05
223,calmyard03,calmyard03@hackstack.io,2024-08-22 10:34:14
224,melloworbit56,melloworbit56@example.com,2025-12-05 23:07:18
225,opalquartz01,opalquartz01@relay.cloud,2024-05-12 16:29:23
226,rapiduplink49,rapiduplink49@hackstack.io,2024-12-18 06:04:15
227,warmpioneer44,warmpioneer44@acme.dev,2025-02-16 04:16:35
228,emberjourney12,emberjourney12@hackstack.io,2024-06-07 16:32:17
229,harborriver10,harborriver10@example.com,2025-07-19 23:46:03
230,silverlagoon13,silverlagoon13@acme.dev,2024-08-08 16:15:39
231,jadezenith19,jadezenith19@example.com,2024-07-08 22:55:31
232,opalfield43,opalfield43@example.com,2025-08-08 23:13:03
233,warmwindow62,warmwindow62@opswise.net,2024-11-20 13:25:47
234,quietyard81,quietyard81@acme.dev,2025-05-09 09:57:27
235,forestsignal32,forestsignal32@relay.cloud,2024-09-12 17:26:13
236,ivorytrail60,ivorytrail60@acme.dev,2024-09-22 11:41:56
237,dawnzenith77,dawnzenith77@relay.cloud,2025-09-29 06:13:01
238,urbanuplink92,urbanuplink92@opswise.net,2025-10-05 20:05:36
239,rapidnetwork87,rapidnetwork87@opswise.net,2024-02-18 14:21:32
240,jadewindow65,jadewindow65@acme.dev,2024-02-26 23:09:32
241,harborwindow63,harborwindow63@acme.dev,2024-12-03 13:54:34
242,amberisland56,amberisland56@hackstack.io,2025-02-04 05:14:51
243,calmpioneer77,calmpioneer77@acme.dev,2025-08-21 12:26:48
244,emberquartz32,emberquartz32@example.com,2024-12-08 10:31:39
245,brisksignal42,brisksignal42@acme.dev,2025-02-02 07:14:53
246,mellowisland57,mellowisland57@example.com,2025-03-01 19:12:58
247,briskisland80,briskisland80@seeded.app,2024-11-05 22:44:27
248,goldgarden68,goldgarden68@hackstack.io,2025-10-31 02:23:02
249,ambercanyon17,ambercanyon17@acme.dev,2024-05-15 15:56:24
250,proudanchor01,proudanchor01@example.com,2024-06-11 04:43:58
251,silverfield14,silverfield14@relay.cloud,2025-11-02 05:06:28
252,tidypioneer24,tidypioneer24@opswise.net,2024-04-13 05:51:35
253,forestyard43,forestyard43@relay.cloud,2024-01-03 06:26:37
254,dawnnetwork13,dawnnetwork13@acme.dev,2025-08-19 02:01:35
255,keenlagoon66,keenlagoon66@relay.cloud,2025-05-16 21:42:09
256,rapidjourney73,rapidjourney73@relay.cloud,2024-01-20 04:31:41
257,dawngarden49,dawngarden49@example.com,2024-10-10 18:31:47
258,warmfield02,warmfield02@seeded.app,2024-01-09 22:46:39
259,calmuplink73,calmuplink73@hackstack.io,2024-10-02 05:36:54
260,silveranchor38,silveranchor38@relay.cloud,2025-11-18 09:00:13
261,amberfield75,amberfield75@opswise.net,2025-07-27 19:31:44
262,dawnyard28,dawnyard28@seeded.app,2024-02-14 12:02:41
263,livelyjourney83,livelyjourney83@relay.cloud,2024-12-25 16:15:50
264,keenharvest89,keenharvest89@opswise.net,2024-11-03 03:49:33
265,ivoryharvest89,ivoryharvest89@hackstack.io,2025-02-01 19:20:14
266,quietkernel62,quietkernel62@acme.dev,2024-12-17 15:16:50
267,jadefield17,jadefield17@hackstack.io,2025-02-24 18:29:40
268,calmengine96,calmengine96@relay.cloud,2024-01-22 01:00:22
269,rapidtrail18,rapidtrail18@opswise.net,2024-12-05 22:12:08
270,keenriver25,keenriver25@opswise.net,2024-04-19 02:10:10
271,jaderiver87,jaderiver87@relay.cloud,2025-12-01 14:01:50
272,warmquartz01,warmquartz01@example.com,2025-10-01 08:47:19
273,ivorypioneer59,ivorypioneer59@seeded.app,2024-05-02 15:26:43
274,opalvalley99,opalvalley99@seeded.app,2024-03-25 15:28:15
275,mellowcanyon25,mellowcanyon25@example.com,2024-11-06 23:35:20
276,calmjourney50,calmjourney50@example.com,2025-12-13 04:55:19
277,jadepioneer26,jadepioneer26@acme.dev,2024-06-03 15:30:17
278,harbornetwork45,harbornetwork45@opswise.net,2024-08-27 15:10:17
279,opalharvest29,opalharvest29@acme.dev,2024-06-23 17:00:18
280,mellowvalley83,mellowvalley83@hackstack.io,2025-01-10 16:16:16
281,warmanchor44,warmanchor44@acme.dev,2025-10-29 23:56:31
282,warmtrail64,warmtrail64@opswise.net,2025-06-16 17:26:38
283,briskyard03,briskyard03@hackstack.io,2024-02-22 03:56:09
284,clearengine46,clearengine46@seeded.app,2024-01-12 11:14:02
285,embercanyon77,embercanyon77@acme.dev,2025-01-26 14:34:46
286,silverharvest80,silverharvest80@opswise.net,2024-10-14 18:56:13
287,jadequartz52,jadequartz52@opswise.net,2025-03-14 08:29:08
288,calmuplink01,calmuplink01@acme.dev,2024-06-15 11:28:20
289,mellowriver81,mellowriver81@seeded.app,2024-12-15 11:08:02
290,livelycanyon99,livelycanyon99@opswise.net,2024-05-07 14:52:15
291,emberisland08,emberisland08@acme.dev,2024-08-08 16:53:20
292,tidyyard44,tidyyard44@opswise.net,2024-01-07 05:32:01
293,silverharvest30,silverharvest30@opswise.net,2024-04-12 21:48:37
294,cobaltmeadow08,cobaltmeadow08@acme.dev,2024-04-18 23:49:15
295,briskisland27,briskisland27@example.com,2025-07-22 07:59:40
296,livelyorbit34,livelyorbit34@example.com,2025-07-29 07:49:55
297,rapidriver45,rapidriver45@relay.cloud,2025-01-08 03:59:57
298,calmdelta87,calmdelta87@acme.dev,2024-05-01 08:46:21
299,livelygarden90,livelygarden90@relay.cloud,2025-03-10 16:19:50
300,goldfield89,goldfield89@hackstack.io,2025-12-01 13:33:10
301,youngmeadow75,youngmeadow75@hackstack.io,2024-09-04 10:11:14
302,opalzenith01,opalzenith01@relay.cloud,2025-10-31 05:31:20
303,navymeadow24,navymeadow24@example.com,2025-11-25 01:45:18
304,harboranchor97,harboranchor97@example.com,2025-03-13 04:12:56
305,dawncanyon92,dawncanyon92@opswise.net,2025-01-17 04:05:41
306,ivoryfield31,ivoryfield31@seeded.app,2025-05-02 22:31:43
307,proudanchor28,proudanchor28@acme.dev,2024-10-02 01:12:28
308,navysignal88,navysignal88@relay.cloud,2025-01-11 12:07:26
309,rapidsignal22,rapidsignal22@acme.dev,2024-01-19 01:22:00
310,opallagoon99,opallagoon99@acme.dev,2024-07-05 09:10:21
311,golduplink98,golduplink98@opswise.net,2024-01-07 02:08:19
312,rapidorbit22,rapidorbit22@seeded.app,2025-06-09 20:34:32
313,emberisland53,emberisland53@hackstack.io,2025-07-17 20:30:45
314,rapidquartz16,rapidquartz16@hackstack.io,2025-03-11 00:40:37
315,forestuplink27,forestuplink27@acme.dev,2024-12-17 17:27:25
316,harborisland85,harborisland85@seeded.app,2024-08-17 12:24:23
317,mellowpioneer50,mellowpioneer50@relay.cloud,2025-09-19 16:58:38
318,forestorbit10,forestorbit10@seeded.app,2025-07-08 17:50:21
319,vividnetwork16,vividnetwork16@opswise.net,2024-02-26 13:11:25
320,mellowisland63,mellowisland63@relay.cloud,2025-09-28 05:30:57
321,golduplink19,golduplink19@example.com,2024-11-09 20:43:16
322,dawnanchor64,dawnanchor64@opswise.net,2024-08-05 18:09:14
323,navyzenith19,navyzenith19@example.com,2025-06-27 10:50:00
324,vividlagoon43,vividlagoon43@example.com,2024-04-15 09:09:44
325,warmquartz42,warmquartz42@seeded.app,2024-07-30 03:03:28
326,silvergarden33,silvergarden33@seeded.app,2024-02-29 22:49:20
327,warmnetwork15,warmnetwork15@acme.dev,2025-09-19 06:38:58
328,cobaltvalley95,cobaltvalley95@seeded.app,2024-03-02 14:45:20
329,melloworbit06,melloworbit06@relay.cloud,2025-11-05 11:33:11
330,embercanyon38,embercanyon38@acme.dev,2025-05-30 17:38:07
331,opalvalley93,opalvalley93@relay.cloud,2024-03-05 07:04:47
332,tidysignal12,tidysignal12@opswise.net,2024-01-07 09:21:38
333,keensignal98,keensignal98@seeded.app,2024-03-16 16:55:18
334,navypioneer55,navypioneer55@hackstack.io,2024-07-10 22:12:34
335,tidymeadow65,tidymeadow65@seeded.app,2024-06-13 13:57:17
336,emberfield22,emberfield22@relay.cloud,2024-12-25 20:03:53
337,goldsignal02,goldsignal02@seeded.app,2024-09-27 18:24:57
338,harborsignal57,harborsignal57@relay.cloud,2024-06-13 23:49:18
339,briskmeadow65,briskmeadow65@acme.dev,2024-08-15 12:52:31
340,navyfield46,navyfield46@hackstack.io,2024-02-28 03:46:52
341,amberlagoon81,amberlagoon81@opswise.net,2025-04-08 15:24:50
342,silverfield81,silverfield81@relay.cloud,2025-07-06 20:48:34
343,ivoryanchor42,ivoryanchor42@acme.dev,2024-07-06 04:12:57
344,emberyard17,emberyard17@seeded.app,2025-09-19 05:20:17
345,proudgarden98,proudgarden98@relay.cloud,2024-10-29 16:27:43
346,goldlagoon12,goldlagoon12@relay.cloud,2024-05-01 07:15:21
347,briskisland23,briskisland23@hackstack.io,2024-08-04 07:27:03
348,mellowkernel69,mellowkernel69@example.com,2025-11-18 04:26:08
349,rapidharvest99,rapidharvest99@relay.cloud,2024-05-29 12:08:15
350,opalkernel37,opalkernel37@example.com,2025-09-03 12:17:05
351,proudisland66,proudisland66@seeded.app,2025-01-27 12:44:33
352,vividengine93,vividengine93@opswise.net,2024-04-18 06:55:30
353,livelyfield45,livelyfield45@opswise.net,2024-08-12 13:28:20
354,forestorbit94,forestorbit94@opswise.net,2025-12-14 02:25:07
355,livelytrail13,livelytrail13@seeded.app,2025-02-12 02:16:45
356,goldwindow29,goldwindow29@relay.cloud,2024-12-25 06:25:35
357,youngfield31,youngfield31@acme.dev,2025-05-13 12:48:17
358,ivoryjourney96,ivoryjourney96@acme.dev,2024-01-17 11:56:19
359,warmisland56,warmisland56@opswise.net,2024-07-12 16:00:08
360,warmnetwork80,warmnetwork80@acme.dev,2025-02-24 15:23:33
361,youngisland63,youngisland63@opswise.net,2024-01-14 06:04:23
362,forestuplink14,forestuplink14@relay.cloud,2026-01-01 00:29:08
363,goldengine03,goldengine03@seeded.app,2024-11-07 04:26:31
364,embertrail60,embertrail60@seeded.app,2024-12-12 16:43:36
365,goldfield45,goldfield45@hackstack.io,2025-12-08 10:29:04
366,livelydelta86,livelydelta86@opswise.net,2024-08-24 08:16:11
367,vividzenith55,vividzenith55@acme.dev,2025-10-19 22:53:33
368,goldkernel68,goldkernel68@seeded.app,2025-05-04 06:39:01
369,warmwindow29,warmwindow29@seeded.app,2024-10-11 02:59:34
370,clearkernel26,clearkernel26@opswise.net,2024-02-12 10:53:56
371,tidypioneer24,tidypioneer24@seeded.app,2025-11-09 17:05:44
372,cobaltbeacon25,cobaltbeacon25@acme.dev,2025-08-15 01:41:14
373,amberbeacon81,amberbeacon81@relay.cloud,2024-09-12 02:43:14
374,livelypioneer62,livelypioneer62@relay.cloud,2025-10-18 21:15:31
375,keengarden58,keengarden58@opswise.net,2025-07-12 03:09:44
376,harborzenith80,harborzenith80@seeded.app,2025-11-16 15:05:08
377,amberdelta48,amberdelta48@seeded.app,2024-07-28 21:00:10
378,harborjourney19,harborjourney19@opswise.net,2025-10-21 02:40:40
379,opalnetwork10,opalnetwork10@example.com,2024-01-08 12:30:05
380,keenbeacon69,keenbeacon69@example.com,2024-04-07 11:28:33
381,embercanyon35,embercanyon35@seeded.app,2025-08-26 22:14:12
382,amberharvest65,amberharvest65@acme.dev,2025-10-22 22:47:57
383,clearengine62,clearengine62@opswise.net,2024-10-01 03:05:52
384,jaderiver69,jaderiver69@opswise.net,2024-09-28 20:40:01
385,proudyard51,proudyard51@example.com,2025-02-08 07:45:16
386,quietyard38,quietyard38@relay.cloud,2025-11-28 11:23:11
387,tidyanchor42,tidyanchor42@example.com,2025-04-23 11:35:46
388,jadeharvest38,jadeharvest38@relay.cloud,2025-10-05 15:08:58
389,youngquartz55,youngquartz55@hackstack.io,2025-09-10 03:51:38
390,ambertrail71,ambertrail71@acme.dev,2024-06-17 12:57:42
391,quietjourney29,quietjourney29@relay.cloud,2025-12-04 15:31:05
392,dawnengine84,dawnengine84@seeded.app,2025-11-20 22:05:30
393,youngwindow87,youngwindow87@relay.cloud,2024-01-04 00:01:12
394,embercanyon98,embercanyon98@seeded.app,2024-05-29 20:03:34
395,rapidisland69,rapidisland69@relay.cloud,2025-06-30 07:44:39
396,navyyard79,navyyard79@acme.dev,2025-11-23 05:29:31
397,navycanyon21,navycanyon21@hackstack.io,2024-06-17 18:36:34
398,goldnetwork49,goldnetwork49@relay.cloud,2025-12-10 18:16:55
399,mellowyard99,mellowyard99@example.com,2026-01-25 19:26:55
400,proudvalley01,proudvalley01@relay.cloud,2024-04-14 16:48:07
